2,1,2,2024-05-02,Confirmed
3,1,3,2024-05-03,Confirmed
4,2,4,2024-05-04,Confirmed
5,2,5,2024-05-05,Confirmed
6,2,6,2024-05-06,Pending
7,3,7,2024-05-07,Confirmed
8,3,8,2024-05-08,Pending
9,4,9,2024-05-09,Confirmed
10,4,10,2024-05-10,Confirmed
11,5,11,2024-05-11,Pending
12,5,12,2024-05-12,Confirmed
13,6,13,2024-05-13,Confirmed
14,6,14,2024-05-14,Confirmed
15,7,15,2024-05-15,Pending
16,7,16,2024-05-16,Confirmed
17,8,17,2024-05-17,Confirmed
18,8,18,2024-05-18,Confirmed
19,9,19,2024-05-19,Confirmed
20,9,20,2024-05-20,Pending
21,10,21,2024-05-21,Confirmed
22,10,22,2024-05-22,Confirmed
23,11,23,2024-05-23,Confirmed
24,11,24,2024-05-24,Pending
25,12,25,2024-05-25,Confirmed
