70,1,Keynote Address,09:00:00.0000000,10:00:00.0000000,Main Hall A,4
71,1,Panel Discussion,10:30:00.0000000,12:00:00.0000000,Conference Rm,5
72,1,Workshop Session,14:00:00.0000000,16:00:00.0000000,Workshop Hall,6
73,2,Marketing Trends,11:00:00.0000000,12:00:00.0000000,Marketing Room,7
74,2,Networking Break,12:30:00.0000000,13:00:00.0000000,Lobby Area,8
75,3,Leadership Workshop,10:00:00.0000000,12:00:00.0000000,Leadership Hall,9
76,3,Roundtable Discussion,13:30:00.0000000,15:30:00.0000000,Discussion Room,10
77,4,Product Launch,09:30:00.0000000,11:00:00.0000000,Launch Hall,11
78,4,Q&A Session,11:30:00.0000000,12:30:00.0000000,Question Room,12
79,5,Tech Talk,10:00:00.0000000,11:30:00.0000000,Tech Arena,13
80,5,Code Workshop,13:00:00.0000000,15:00:00.0000000,Coding Lab,14
81,6,Digital Marketing Seminar,09:00:00.0000000,10:30:00.0000000,Marketing Arena,15
82,6,Social Media Panel,11:00:00.0000000,12:30:00.0000000,Social Hall,16
83,7,Healthcare Innovations,10:30:00.0000000,12:00:00.0000000,Health Room,17
84,7,Medical Breakthroughs,13:30:00.0000000,15:00:00.0000000,Breakthrough Hall,18
85,8,Finance Keynote,09:00:00.0000000,10:00:00.0000000,Finance Arena,19
86,8,Investment Workshop,10:30:00.0000000,12:00:00.0000000,Investment Hall,20
87,9,Artificial Intelligence Talk,11:00:00.0000000,12:00:00.0000000,AI Room,21
88,9,Robotics Demo,13:00:00.0000000,14:30:00.0000000,Robotics Lab,22
89,10,Entrepreneurship Panel,10:00:00.0000000,11:30:00.0000000,Startup Room,23
90,10,Pitch Competition,13:00:00.0000000,15:00:00.0000000,Pitch Arena,24
91,11,Environmental Sustainability,09:30:00.0000000,11:00:00.0000000,Eco Hall,25
92,11,Climate Change Workshop,11:30:00.0000000,13:00:00.0000000,Climate Room,22
93,12,Art Exhibition,10:00:00.0000000,12:00:00.0000000,Art Gallery,15
94,12,Artist Meet and Greet,13:30:00.0000000,15:30:00.0000000,Meetup Area,18
