1,1,Experienced speaker in the tech field.,speaker1@example.com
2,2,Marketing expert with 10+ years of experience.,speaker2@example.com
3,3,Author of a bestselling book on leadership.,speaker3@example.com
4,4,Entrepreneur and startup mentor.,speaker4@example.com
5,5,Expert in finance and investment strategies.,speaker5@example.com
6,6,Renowned artist and creative director.,speaker6@example.com
7,7,Expert in environmental sustainability.,speaker7@example.com
8,8,Innovator in artificial intelligence technology.,speaker8@example.com
9,9,Expert in cybersecurity and data privacy.,speaker9@example.com
10,10,Specialist in digital marketing and social media.,speaker10@example.com
11,11,Leader in the field of renewable energy.,speaker11@example.com
12,12,Award-winning chef and culinary educator.,speaker12@example.com
13,13,Renowned architect and urban planner.,speaker13@example.com
14,14,Expert in health and wellness coaching.,speaker14@example.com
15,15,Pioneer in space exploration and astronomy.,speaker15@example.com
16,16,Influential thought leader in philosophy.,speaker16@example.com
17,17,Expert in cross-cultural communication.,speaker17@example.com
18,18,Renowned journalist and investigative reporter.,speaker18@example.com
19,19,Expert in supply chain management and logistics.,speaker19@example.com
20,20,Innovative designer and fashion entrepreneur.,speaker20@example.com
21,21,Specialist in mental health advocacy and counseling.,speaker21@example.com
22,22,Leader in sustainable agriculture and farming practices.,speaker22@example.com
23,23,Renowned historian and author of numerous books.,speaker23@example.com
24,24,Expert in leadership development and organizational psychology.,speaker24@example.com
25,25,Influential figure in sports management and athlete representation.,speaker25@example.com
