1,user1,password1,user1@example.com,John Doe
2,user2,password2,user2@example.com,Alice Smith
3,user3,password3,user3@example.com,Bob Johnson
4,user4,password4,user4@example.com,Emily Clark
5,user5,password5,user5@example.com,Michael Lee
6,user6,password6,user6@example.com,Sarah Brown
7,user7,password7,user7@example.com,David Wilson
8,user8,password8,user8@example.com,Olivia Martinez
9,user9,password9,user9@example.com,James Taylor
10,user10,password10,user10@example.com,Emma Anderson
11,user11,password11,user11@example.com,Liam Thomas
12,user12,password12,user12@example.com,Sophia White
13,user13,password13,user13@example.com,Noah Harris
14,user14,password14,user14@example.com,Isabella Martin
15,user15,password15,user15@example.com,Ethan Garcia
16,user16,password16,user16@example.com,Ava Lopez
17,user17,password17,user17@example.com,Mason Perez
18,user18,password18,user18@example.com,Harper Gonzalez
19,user19,password19,user19@example.com,Alexander Rodriguez
20,user20,password20,user20@example.com,Mia Hernandez
21,user21,password21,user21@example.com,Elijah Smith
22,user22,password22,user22@example.com,Charlotte Turner
23,user23,password23,user23@example.com,Daniel Brown
24,user24,password24,user24@example.com,Lily Murphy
25,user25,password25,user25@example.com,Matthew Scott
26,user26,password26,user26@example.com,Emma Wilson
27,user27,password27,user27@example.com,Benjamin Martinez
28,user28,password28,user28@example.com,Avery Thompson
29,user29,password29,user29@example.com,Sofia Hall
30,user30,password30,user30@example.com,Lucas Adams
31,user31,password31,user31@example.com,Chloe Wright
32,user32,password32,user32@example.com,Jackson Turner
33,user33,password33,user33@example.com,Amelia King
34,user34,password34,user34@example.com,Samuel Green
35,user35,password35,user35@example.com,Evelyn Baker
36,user36,password36,user36@example.com,Gabriel Morris
37,user37,password37,user37@example.com,Madison Evans
38,user38,password38,user38@example.com,Logan Hill
39,user39,password39,user39@example.com,Zoey Nelson
40,user40,password40,user40@example.com,Elijah Rivera
41,user41,password41,user41@example.com,Grace Cooper
42,user42,password42,user42@example.com,Carter Murphy
43,user43,password43,user43@example.com,Hannah Perry
44,user44,password44,user44@example.com,Henry Butler
45,user45,password45,user45@example.com,Aria Coleman
46,user46,password46,user46@example.com,Leo Foster
47,user47,password47,user47@example.com,Addison Rogers
48,user48,password48,user48@example.com,Wyatt Hayes
49,user49,password49,user49@example.com,Victoria Barnes
50,user50,password50,user50@example.com,Nathan Peterson
